,game_id,hand_id,player,received_cards_from,total_score,points_per_hand,percent_points_per_hand,queen_spades,moon_shooter,best_player_of_hand,best_player_of_game,game_winner,hand_position,swing_down,swing_up,no_swing,swings
0,1,1,player_1,player_4,6,6.0,6.12,0,none,player_2,player_1,player_2,3.0,0,0,0,start
1,1,2,player_1,player_2,6,0.0,0.0,0,none,player_1,player_1,player_2,2.0,0,0,1,same
2,1,3,player_1,player_3,10,4.0,4.08,0,none,player_2,player_1,player_2,2.0,0,0,1,same
3,1,4,player_1,none,26,16.0,16.33,1,none,player_4,player_1,player_2,2.0,0,0,1,same
4,1,5,player_1,player_4,26,0.0,0.0,0,none,player_1,player_1,player_2,2.0,0,0,1,same
5,1,6,player_1,player_2,31,5.0,5.1,0,none,player_4,player_1,player_2,2.0,0,0,1,same
6,1,7,player_1,player_3,57,26.0,26.53,0,player_3,player_3,player_1,player_2,2.0,1,0,0,down
7,1,8,player_1,none,81,24.0,24.49,1,none,player_3,player_1,player_2,3.0,1,0,0,down
8,1,9,player_1,player_4,98,17.0,17.35,1,none,player_3,player_1,player_2,4.0,0,1,0,up
9,1,10,player_1,player_2,98,0.0,0.0,0,none,player_1,player_1,player_2,3.0,0,1,0,up
10,1,1,player_3,player_2,5,5.0,4.59,0,none,player_2,player_1,player_2,2.0,0,0,0,start
11,1,2,player_3,player_4,13,8.0,7.34,0,none,player_1,player_1,player_2,3.0,0,0,1,same
12,1,3,player_3,player_1,28,15.0,13.76,1,none,player_2,player_1,player_2,3.0,0,0,1,same
13,1,4,player_3,none,36,8.0,7.34,0,none,player_4,player_1,player_2,3.0,1,0,0,down
14,1,5,player_3,player_2,60,24.0,22.02,1,none,player_1,player_1,player_2,4.0,0,0,1,same
15,1,6,player_3,player_4,85,25.0,22.94,1,none,player_4,player_1,player_2,4.0,0,0,1,same
16,1,7,player_3,player_1,85,0.0,0.0,0,player_3,player_3,player_1,player_2,4.0,0,0,1,same
17,1,8,player_3,none,85,0.0,0.0,0,none,player_3,player_1,player_2,4.0,0,1,0,up
18,1,9,player_3,player_2,86,1.0,0.92,0,none,player_3,player_1,player_2,3.0,1,0,0,down
19,1,10,player_3,player_4,109,23.0,21.1,1,none,player_1,player_1,player_2,4.0,1,0,0,down
20,1,1,player_4,player_3,14,14.0,20.29,1,none,player_2,player_1,player_2,4.0,0,0,0,start
21,1,2,player_4,player_1,32,18.0,26.09,1,none,player_1,player_1,player_2,4.0,0,0,1,same
22,1,3,player_4,player_2,36,4.0,5.8,0,none,player_2,player_1,player_2,4.0,0,0,1,same
23,1,4,player_4,none,36,0.0,0.0,0,none,player_4,player_1,player_2,4.0,0,1,0,up
24,1,5,player_4,player_3,36,0.0,0.0,0,none,player_1,player_1,player_2,3.0,0,0,1,same
25,1,6,player_4,player_1,36,0.0,0.0,0,none,player_4,player_1,player_2,3.0,0,0,1,same
26,1,7,player_4,player_2,62,26.0,37.68,0,player_3,player_3,player_1,player_2,3.0,0,1,0,up
27,1,8,player_4,none,62,0.0,0.0,0,none,player_3,player_1,player_2,2.0,0,0,1,same
28,1,9,player_4,player_3,69,7.0,10.14,0,none,player_3,player_1,player_2,2.0,0,0,1,same
29,1,10,player_4,player_1,69,0.0,0.0,0,none,player_1,player_1,player_2,2.0,0,0,1,same
30,1,1,player_2,player_1,1,1.0,2.78,0,none,player_2,player_1,player_2,1.0,0,0,0,start
31,1,2,player_2,player_3,1,0.0,0.0,0,none,player_1,player_1,player_2,1.0,0,0,1,same
32,1,3,player_2,player_4,4,3.0,8.33,0,none,player_2,player_1,player_2,1.0,0,0,1,same
33,1,4,player_2,none,4,0.0,0.0,0,none,player_4,player_1,player_2,1.0,0,0,1,same
34,1,5,player_2,player_1,6,2.0,5.56,0,none,player_1,player_1,player_2,1.0,0,0,1,same
35,1,6,player_2,player_3,6,0.0,0.0,0,none,player_4,player_1,player_2,1.0,0,0,1,same
36,1,7,player_2,player_4,32,26.0,72.22,0,player_3,player_3,player_1,player_2,1.0,0,0,1,same
37,1,8,player_2,none,32,0.0,0.0,0,none,player_3,player_1,player_2,1.0,0,0,1,same
38,1,9,player_2,player_1,33,1.0,2.78,0,none,player_3,player_1,player_2,1.0,0,0,1,same
39,1,10,player_2,player_3,36,3.0,8.33,0,none,player_1,player_1,player_2,1.0,0,0,1,same
40,2,1,player_1,player_4,1,1.0,1.61,0,none,player_1,player_1,player_2,1.0,0,0,0,start
41,2,2,player_1,player_2,1,0.0,0.0,0,none,player_1,player_1,player_2,1.0,1,0,0,down
42,2,3,player_1,player_3,16,15.0,24.19,1,none,player_3,player_1,player_2,2.0,0,0,1,same
43,2,4,player_1,none,16,0.0,0.0,0,none,player_1,player_1,player_2,2.0,0,1,0,up
44,2,5,player_1,player_4,17,1.0,1.61,0,none,player_1,player_1,player_2,1.0,0,0,1,same
45,2,6,player_1,player_2,30,13.0,20.97,1,none,player_4,player_1,player_2,1.0,0,0,1,same
46,2,7,player_1,player_3,30,0.0,0.0,0,none,player_1,player_1,player_2,1.0,0,0,1,same
47,2,8,player_1,none,31,1.0,1.61,0,none,player_4,player_1,player_2,1.0,0,0,1,same
48,2,9,player_1,player_4,39,8.0,12.9,0,none,player_3,player_1,player_2,1.0,0,0,1,same
49,2,10,player_1,player_2,39,0.0,0.0,0,none,player_1,player_1,player_2,1.0,1,0,0,down
50,2,11,player_1,player_3,62,23.0,37.1,1,none,player_3,player_1,player_2,2.0,1,0,0,down
51,2,1,player_3,player_2,1,1.0,1.52,0,none,player_1,player_1,player_2,2.0,0,0,0,start
52,2,2,player_3,player_4,25,24.0,36.36,1,none,player_1,player_1,player_2,4.0,0,1,0,up
53,2,3,player_3,player_1,25,0.0,0.0,0,none,player_3,player_1,player_2,3.0,0,0,1,same
54,2,4,player_3,none,25,0.0,0.0,0,none,player_1,player_1,player_2,3.0,0,1,0,up
55,2,5,player_3,player_2,28,3.0,4.55,0,none,player_1,player_1,player_2,2.0,1,0,0,down
56,2,6,player_3,player_4,35,7.0,10.61,0,none,player_4,player_1,player_2,3.0,0,1,0,up
57,2,7,player_3,player_1,38,3.0,4.55,0,none,player_1,player_1,player_2,2.0,1,0,0,down
58,2,8,player_3,none,63,25.0,37.88,1,none,player_4,player_1,player_2,4.0,0,1,0,up
59,2,9,player_3,player_2,63,0.0,0.0,0,none,player_3,player_1,player_2,3.0,0,0,1,same
60,2,10,player_3,player_4,66,3.0,4.55,0,none,player_1,player_1,player_2,3.0,0,0,1,same
61,2,11,player_3,player_1,66,0.0,0.0,0,none,player_3,player_1,player_2,3.0,0,0,1,same
62,2,1,player_4,player_3,5,5.0,5.0,0,none,player_1,player_1,player_2,3.0,0,0,0,start
63,2,2,player_4,player_1,5,0.0,0.0,0,none,player_1,player_1,player_2,2.0,0,1,0,up
64,2,3,player_4,player_2,11,6.0,6.0,0,none,player_3,player_1,player_2,1.0,0,0,1,same
65,2,4,player_4,none,13,2.0,2.0,0,none,player_1,player_1,player_2,1.0,1,0,0,down
66,2,5,player_4,player_3,31,18.0,18.0,1,none,player_1,player_1,player_2,3.0,0,1,0,up
67,2,6,player_4,player_1,34,3.0,3.0,0,none,player_4,player_1,player_2,2.0,1,0,0,down
68,2,7,player_4,player_2,56,22.0,22.0,1,none,player_1,player_1,player_2,3.0,0,1,0,up
69,2,8,player_4,none,56,0.0,0.0,0,none,player_4,player_1,player_2,2.0,1,0,0,down
70,2,9,player_4,player_3,74,18.0,18.0,1,none,player_3,player_1,player_2,4.0,0,0,1,same
71,2,10,player_4,player_1,97,23.0,23.0,1,none,player_1,player_1,player_2,4.0,0,0,1,same
72,2,11,player_4,player_2,100,3.0,3.0,0,none,player_3,player_1,player_2,4.0,0,0,1,same
73,2,1,player_2,player_1,19,19.0,32.76,1,none,player_1,player_1,player_2,4.0,0,0,0,start
74,2,2,player_2,player_3,21,2.0,3.45,0,none,player_1,player_1,player_2,3.0,1,0,0,down
75,2,3,player_2,player_4,26,5.0,8.62,0,none,player_3,player_1,player_2,4.0,0,0,1,same
76,2,4,player_2,none,50,24.0,41.38,1,none,player_1,player_1,player_2,4.0,0,0,1,same
77,2,5,player_2,player_1,54,4.0,6.9,0,none,player_1,player_1,player_2,4.0,0,0,1,same
78,2,6,player_2,player_3,57,3.0,5.17,0,none,player_4,player_1,player_2,4.0,0,0,1,same
79,2,7,player_2,player_4,58,1.0,1.72,0,none,player_1,player_1,player_2,4.0,0,1,0,up
80,2,8,player_2,none,58,0.0,0.0,0,none,player_4,player_1,player_2,3.0,0,1,0,up
81,2,9,player_2,player_1,58,0.0,0.0,0,none,player_3,player_1,player_2,2.0,0,0,1,same
82,2,10,player_2,player_3,58,0.0,0.0,0,none,player_1,player_1,player_2,2.0,0,1,0,up
83,2,11,player_2,player_4,58,0.0,0.0,0,none,player_3,player_1,player_2,1.0,0,1,0,up
84,3,1,player_1,player_4,0,0.0,0.0,0,none,player_1,player_4,player_4,1.0,0,0,0,start
85,3,2,player_1,player_2,5,5.0,12.2,0,none,player_2,player_4,player_4,2.0,0,0,1,same
86,3,3,player_1,player_3,13,8.0,19.51,0,none,player_4,player_4,player_4,2.0,0,0,1,same
87,3,4,player_1,none,21,8.0,19.51,0,none,player_4,player_4,player_4,2.0,0,0,1,same
88,3,5,player_1,player_4,22,1.0,2.44,0,none,player_4,player_4,player_4,2.0,0,0,1,same
89,3,6,player_1,player_2,22,0.0,0.0,0,none,player_1,player_4,player_4,2.0,0,0,1,same
90,3,7,player_1,player_3,25,3.0,7.32,0,none,player_2,player_4,player_4,2.0,0,0,1,same
91,3,8,player_1,none,41,16.0,39.02,1,none,player_4,player_4,player_4,2.0,0,0,1,same
92,3,1,player_3,player_1,23,23.0,22.55,1,none,player_1,player_4,player_4,4.0,0,0,0,start
93,3,2,player_3,none,37,14.0,13.73,1,none,player_2,player_4,player_4,4.0,0,0,1,same
94,3,3,player_3,player_2,42,5.0,4.9,0,none,player_4,player_4,player_4,4.0,0,0,1,same
95,3,4,player_3,player_4,45,3.0,2.94,0,none,player_4,player_4,player_4,4.0,0,0,1,same
96,3,5,player_3,player_1,51,6.0,5.88,0,none,player_4,player_4,player_4,4.0,0,0,1,same
97,3,6,player_3,none,75,24.0,23.53,1,none,player_1,player_4,player_4,4.0,0,0,1,same
98,3,7,player_3,player_2,94,19.0,18.63,1,none,player_2,player_4,player_4,4.0,0,0,1,same
99,3,8,player_3,player_4,102,8.0,7.84,0,none,player_4,player_4,player_4,4.0,0,0,1,same
100,3,1,player_4,player_3,3,3.0,20.0,0,none,player_1,player_4,player_4,3.0,0,0,0,start
101,3,2,player_4,player_1,7,4.0,26.67,0,none,player_2,player_4,player_4,3.0,0,1,0,up
102,3,3,player_4,player_2,7,0.0,0.0,0,none,player_4,player_4,player_4,1.0,0,0,1,same
103,3,4,player_4,none,9,2.0,13.33,0,none,player_4,player_4,player_4,1.0,0,0,1,same
104,3,5,player_4,player_3,9,0.0,0.0,0,none,player_4,player_4,player_4,1.0,0,0,1,same
105,3,6,player_4,player_1,11,2.0,13.33,0,none,player_1,player_4,player_4,1.0,0,0,1,same
106,3,7,player_4,player_2,15,4.0,26.67,0,none,player_2,player_4,player_4,1.0,0,0,1,same
107,3,8,player_4,none,15,0.0,0.0,0,none,player_4,player_4,player_4,1.0,0,0,1,same
108,3,1,player_2,player_1,0,0.0,0.0,0,none,player_1,player_4,player_4,2.0,0,0,0,start
109,3,2,player_2,player_3,3,3.0,6.25,0,none,player_2,player_4,player_4,1.0,1,0,0,down
110,3,3,player_2,player_4,16,13.0,27.08,1,none,player_4,player_4,player_4,3.0,0,0,1,same
111,3,4,player_2,none,29,13.0,27.08,1,none,player_4,player_4,player_4,3.0,0,0,1,same
112,3,5,player_2,player_1,48,19.0,39.58,1,none,player_4,player_4,player_4,3.0,0,0,1,same
113,3,6,player_2,player_3,48,0.0,0.0,0,none,player_1,player_4,player_4,3.0,0,0,1,same
114,3,7,player_2,player_4,48,0.0,0.0,0,none,player_2,player_4,player_4,3.0,0,0,1,same
115,3,8,player_2,none,48,0.0,0.0,0,none,player_4,player_4,player_4,3.0,0,0,1,same
116,4,1,player_1,player_4,23,23.0,21.1,1,none,player_2,player_1,player_2,4.0,0,0,0,start
117,4,2,player_1,player_2,28,5.0,4.59,0,none,player_3,player_1,player_2,4.0,0,0,1,same
118,4,3,player_1,player_3,39,11.0,10.09,0,none,player_2,player_1,player_2,4.0,0,1,0,up
119,4,4,player_1,none,39,0.0,0.0,0,none,player_1,player_1,player_2,3.0,1,0,0,down
120,4,5,player_1,player_4,50,11.0,10.09,0,none,player_4,player_1,player_2,4.0,0,0,1,same
121,4,6,player_1,player_2,50,0.0,0.0,0,none,player_1,player_1,player_2,4.0,0,1,0,up
122,4,7,player_1,player_3,53,3.0,2.75,0,none,player_2,player_1,player_2,3.0,0,0,1,same
123,4,8,player_1,none,64,11.0,10.09,0,none,player_3,player_1,player_2,3.0,0,0,1,same
124,4,9,player_1,player_4,64,0.0,0.0,0,none,player_1,player_1,player_2,3.0,1,0,0,down
125,4,10,player_1,player_2,75,11.0,10.09,0,none,player_4,player_1,player_2,4.0,0,0,1,same
126,4,11,player_1,player_3,86,11.0,10.09,0,none,player_4,player_1,player_2,4.0,0,0,1,same
127,4,12,player_1,none,109,23.0,21.1,1,none,player_3,player_1,player_2,4.0,0,0,1,same
128,4,1,player_3,player_2,1,1.0,1.28,0,none,player_2,player_1,player_2,2.0,0,0,0,start
129,4,2,player_3,player_4,1,0.0,0.0,0,none,player_3,player_1,player_2,1.0,1,0,0,down
130,4,3,player_3,player_1,14,13.0,16.67,1,none,player_2,player_1,player_2,2.0,0,0,1,same
131,4,4,player_3,none,16,2.0,2.56,0,none,player_1,player_1,player_2,2.0,0,0,1,same
132,4,5,player_3,player_2,31,15.0,19.23,1,none,player_4,player_1,player_2,2.0,0,0,1,same
133,4,6,player_3,player_4,46,15.0,19.23,1,none,player_1,player_1,player_2,2.0,0,0,1,same
134,4,7,player_3,player_1,50,4.0,5.13,0,none,player_2,player_1,player_2,2.0,0,0,1,same
135,4,8,player_3,none,50,0.0,0.0,0,none,player_3,player_1,player_2,2.0,0,1,0,up
136,4,9,player_3,player_2,50,0.0,0.0,0,none,player_1,player_1,player_2,1.0,1,0,0,down
137,4,10,player_3,player_4,63,13.0,16.67,1,none,player_4,player_1,player_2,2.0,1,0,0,down
138,4,11,player_3,player_1,78,15.0,19.23,1,none,player_4,player_1,player_2,3.0,0,0,1,same
139,4,12,player_3,none,78,0.0,0.0,0,none,player_3,player_1,player_2,3.0,0,0,1,same
140,4,1,player_4,player_3,2,2.0,2.82,0,none,player_2,player_1,player_2,3.0,0,0,0,start
141,4,2,player_4,player_1,15,13.0,18.31,1,none,player_3,player_1,player_2,3.0,0,0,1,same
142,4,3,player_4,player_2,17,2.0,2.82,0,none,player_2,player_1,player_2,3.0,1,0,0,down
143,4,4,player_4,none,41,24.0,33.8,1,none,player_1,player_1,player_2,4.0,0,1,0,up
144,4,5,player_4,player_3,41,0.0,0.0,0,none,player_4,player_1,player_2,3.0,0,0,1,same
145,4,6,player_4,player_1,47,6.0,8.45,0,none,player_1,player_1,player_2,3.0,1,0,0,down
146,4,7,player_4,player_2,66,19.0,26.76,1,none,player_2,player_1,player_2,4.0,0,0,1,same
147,4,8,player_4,none,66,0.0,0.0,0,none,player_3,player_1,player_2,4.0,0,0,1,same
148,4,9,player_4,player_3,68,2.0,2.82,0,none,player_1,player_1,player_2,4.0,0,1,0,up
149,4,10,player_4,player_1,68,0.0,0.0,0,none,player_4,player_1,player_2,3.0,0,1,0,up
150,4,11,player_4,player_2,68,0.0,0.0,0,none,player_4,player_1,player_2,2.0,0,0,1,same
151,4,12,player_4,none,71,3.0,4.23,0,none,player_3,player_1,player_2,2.0,0,0,1,same
152,4,1,player_2,player_1,0,0.0,0.0,0,none,player_2,player_1,player_2,1.0,0,0,0,start
153,4,2,player_2,player_3,8,8.0,14.81,0,none,player_3,player_1,player_2,2.0,0,1,0,up
154,4,3,player_2,player_4,8,0.0,0.0,0,none,player_2,player_1,player_2,1.0,0,0,1,same
155,4,4,player_2,none,8,0.0,0.0,0,none,player_1,player_1,player_2,1.0,0,0,1,same
156,4,5,player_2,player_1,8,0.0,0.0,0,none,player_4,player_1,player_2,1.0,0,0,1,same
157,4,6,player_2,player_3,13,5.0,9.26,0,none,player_1,player_1,player_2,1.0,0,0,1,same
158,4,7,player_2,player_4,13,0.0,0.0,0,none,player_2,player_1,player_2,1.0,0,0,1,same
159,4,8,player_2,none,28,15.0,27.78,1,none,player_3,player_1,player_2,1.0,1,0,0,down
160,4,9,player_2,player_1,52,24.0,44.44,1,none,player_1,player_1,player_2,2.0,0,1,0,up
161,4,10,player_2,player_3,54,2.0,3.7,0,none,player_4,player_1,player_2,1.0,0,0,1,same
162,4,11,player_2,player_4,54,0.0,0.0,0,none,player_4,player_1,player_2,1.0,0,0,1,same
163,4,12,player_2,none,54,0.0,0.0,0,none,player_3,player_1,player_2,1.0,0,0,1,same
164,5,1,player_1,player_4,0,0.0,0.0,0,none,player_1,player_1,player_4,1.0,0,0,0,start
165,5,2,player_1,player_2,2,2.0,2.94,0,none,player_3,player_1,player_4,1.0,1,0,0,down
166,5,3,player_1,player_3,17,15.0,22.06,1,none,player_2,player_1,player_4,2.0,1,0,0,down
167,5,4,player_1,none,37,20.0,29.41,1,none,player_4,player_1,player_4,4.0,0,1,0,up
168,5,5,player_1,player_4,37,0.0,0.0,0,none,player_1,player_1,player_4,3.0,0,0,1,same
169,5,6,player_1,player_2,38,1.0,1.47,0,none,player_3,player_1,player_4,3.0,0,0,1,same
170,5,7,player_1,player_3,64,26.0,38.24,0,player_2,player_2,player_1,player_4,3.0,0,0,1,same
171,5,8,player_1,none,68,4.0,5.88,0,none,player_4,player_1,player_4,3.0,0,0,1,same
172,5,1,player_3,player_1,12,12.0,21.43,0,none,player_1,player_1,player_4,3.0,0,0,0,start
173,5,2,player_3,none,13,1.0,1.79,0,none,player_3,player_1,player_4,3.0,0,0,1,same
174,5,3,player_3,player_2,20,7.0,12.5,0,none,player_2,player_1,player_4,3.0,0,1,0,up
175,5,4,player_3,player_4,26,6.0,10.71,0,none,player_4,player_1,player_4,2.0,0,0,1,same
176,5,5,player_3,player_1,26,0.0,0.0,0,none,player_1,player_1,player_4,2.0,0,0,1,same
177,5,6,player_3,none,26,0.0,0.0,0,none,player_3,player_1,player_4,2.0,0,0,1,same
178,5,7,player_3,player_2,52,26.0,46.43,0,player_2,player_2,player_1,player_4,2.0,0,0,1,same
179,5,8,player_3,player_4,56,4.0,7.14,0,none,player_4,player_1,player_4,2.0,0,0,1,same
180,5,1,player_4,player_3,1,1.0,2.22,0,none,player_1,player_1,player_4,2.0,0,0,0,start
181,5,2,player_4,player_1,4,3.0,6.67,0,none,player_3,player_1,player_4,2.0,0,1,0,up
182,5,3,player_4,player_2,8,4.0,8.89,0,none,player_2,player_1,player_4,1.0,0,0,1,same
183,5,4,player_4,none,8,0.0,0.0,0,none,player_4,player_1,player_4,1.0,0,0,1,same
184,5,5,player_4,player_3,9,1.0,2.22,0,none,player_1,player_1,player_4,1.0,0,0,1,same
185,5,6,player_4,player_1,19,10.0,22.22,0,none,player_3,player_1,player_4,1.0,0,0,1,same
186,5,7,player_4,player_2,45,26.0,57.78,0,player_2,player_2,player_1,player_4,1.0,0,0,1,same
187,5,8,player_4,none,45,0.0,0.0,0,none,player_4,player_1,player_4,1.0,0,0,1,same
188,5,1,player_2,player_1,13,13.0,14.29,1,none,player_1,player_1,player_4,4.0,0,0,0,start
189,5,2,player_2,player_3,33,20.0,21.98,1,none,player_3,player_1,player_4,4.0,0,0,1,same
190,5,3,player_2,player_4,33,0.0,0.0,0,none,player_2,player_1,player_4,4.0,0,1,0,up
191,5,4,player_2,none,33,0.0,0.0,0,none,player_4,player_1,player_4,3.0,1,0,0,down
192,5,5,player_2,player_1,58,25.0,27.47,1,none,player_1,player_1,player_4,4.0,0,0,1,same
193,5,6,player_2,player_3,73,15.0,16.48,1,none,player_3,player_1,player_4,4.0,0,0,1,same
194,5,7,player_2,player_4,73,0.0,0.0,0,player_2,player_2,player_1,player_4,4.0,0,0,1,same
195,5,8,player_2,none,91,18.0,19.78,1,none,player_4,player_1,player_4,4.0,0,0,1,same
196,6,1,player_1,player_4,0,0.0,0.0,0,none,player_1,player_1,player_2,1.0,0,0,0,start
197,6,2,player_1,player_2,2,2.0,1.98,0,none,player_2,player_1,player_2,1.0,0,0,1,same
198,6,3,player_1,player_3,3,1.0,0.99,0,none,player_3,player_1,player_2,1.0,0,0,1,same
199,6,4,player_1,none,3,0.0,0.0,0,none,player_1,player_1,player_2,1.0,0,0,1,same
200,6,5,player_1,player_4,18,15.0,14.85,1,none,player_4,player_1,player_2,1.0,1,0,0,down
201,6,6,player_1,player_2,27,9.0,8.91,0,none,player_4,player_1,player_2,2.0,0,0,1,same
202,6,7,player_1,player_3,53,26.0,25.74,0,player_3,player_3,player_1,player_2,2.0,1,0,0,down
203,6,8,player_1,none,75,22.0,21.78,1,none,player_2,player_1,player_2,3.0,0,1,0,up
204,6,9,player_1,player_4,76,1.0,0.99,0,none,player_2,player_1,player_2,2.0,0,0,1,same
205,6,10,player_1,player_2,77,1.0,0.99,0,none,player_1,player_1,player_2,2.0,0,0,1,same
206,6,11,player_1,player_3,77,0.0,0.0,0,none,player_1,player_1,player_2,2.0,1,0,0,down
207,6,12,player_1,none,101,24.0,23.76,1,none,player_2,player_1,player_2,4.0,1,0,0,down
208,6,1,player_2,player_1,11,11.0,14.86,0,none,player_1,player_1,player_2,3.0,0,0,0,start
209,6,2,player_2,player_3,11,0.0,0.0,0,none,player_2,player_1,player_2,3.0,0,1,0,up
210,6,3,player_2,player_4,17,6.0,8.11,0,none,player_3,player_1,player_2,2.0,0,0,1,same
211,6,4,player_2,none,18,1.0,1.35,0,none,player_1,player_1,player_2,2.0,0,0,1,same
212,6,5,player_2,player_1,20,2.0,2.7,0,none,player_4,player_1,player_2,2.0,0,1,0,up
213,6,6,player_2,player_3,22,2.0,2.7,0,none,player_4,player_1,player_2,1.0,0,0,1,same
214,6,7,player_2,player_4,48,26.0,35.14,0,player_3,player_3,player_1,player_2,1.0,0,0,1,same
215,6,8,player_2,none,48,0.0,0.0,0,none,player_2,player_1,player_2,1.0,0,0,1,same
216,6,9,player_2,player_1,48,0.0,0.0,0,none,player_2,player_1,player_2,1.0,0,0,1,same
217,6,10,player_2,player_3,50,2.0,2.7,0,none,player_1,player_1,player_2,1.0,0,0,1,same
218,6,11,player_2,player_4,74,24.0,32.43,1,none,player_1,player_1,player_2,1.0,0,0,1,same
219,6,12,player_2,none,74,0.0,0.0,0,none,player_2,player_1,player_2,1.0,0,0,1,same
220,6,1,player_3,player_2,15,15.0,16.67,1,none,player_1,player_1,player_2,4.0,0,0,0,start
221,6,2,player_3,player_4,29,14.0,15.56,1,none,player_2,player_1,player_2,4.0,0,1,0,up
222,6,3,player_3,player_1,29,0.0,0.0,0,none,player_3,player_1,player_2,3.0,1,0,0,down
223,6,4,player_3,none,54,25.0,27.78,1,none,player_1,player_1,player_2,4.0,0,0,1,same
224,6,5,player_3,player_2,63,9.0,10.0,0,none,player_4,player_1,player_2,4.0,0,0,1,same
225,6,6,player_3,player_4,77,14.0,15.56,1,none,player_4,player_1,player_2,4.0,0,0,1,same
226,6,7,player_3,player_1,77,0.0,0.0,0,player_3,player_3,player_1,player_2,4.0,0,0,1,same
227,6,8,player_3,none,81,4.0,4.44,0,none,player_2,player_1,player_2,4.0,0,0,1,same
228,6,9,player_3,player_2,85,4.0,4.44,0,none,player_2,player_1,player_2,4.0,0,1,0,up
229,6,10,player_3,player_4,90,5.0,5.56,0,none,player_1,player_1,player_2,3.0,0,0,1,same
230,6,11,player_3,player_1,90,0.0,0.0,0,none,player_1,player_1,player_2,3.0,0,1,0,up
231,6,12,player_3,none,90,0.0,0.0,0,none,player_2,player_1,player_2,2.0,0,1,0,up
232,6,1,player_4,player_3,0,0.0,0.0,0,none,player_1,player_1,player_2,2.0,0,0,0,start
233,6,2,player_4,player_1,10,10.0,10.1,0,none,player_2,player_1,player_2,2.0,1,0,0,down
234,6,3,player_4,player_2,29,19.0,19.19,1,none,player_3,player_1,player_2,4.0,0,1,0,up
235,6,4,player_4,none,29,0.0,0.0,0,none,player_1,player_1,player_2,3.0,0,0,1,same
236,6,5,player_4,player_3,29,0.0,0.0,0,none,player_4,player_1,player_2,3.0,0,0,1,same
237,6,6,player_4,player_1,30,1.0,1.01,0,none,player_4,player_1,player_2,3.0,0,0,1,same
238,6,7,player_4,player_2,56,26.0,26.26,0,player_3,player_3,player_1,player_2,3.0,0,1,0,up
239,6,8,player_4,none,56,0.0,0.0,0,none,player_2,player_1,player_2,2.0,1,0,0,down
240,6,9,player_4,player_3,77,21.0,21.21,1,none,player_2,player_1,player_2,3.0,1,0,0,down
241,6,10,player_4,player_1,95,18.0,18.18,1,none,player_1,player_1,player_2,4.0,0,0,1,same
242,6,11,player_4,player_2,97,2.0,2.02,0,none,player_1,player_1,player_2,4.0,0,1,0,up
243,6,12,player_4,none,99,2.0,2.02,0,none,player_2,player_1,player_2,3.0,0,1,0,up
244,7,1,player_1,player_4,17,17.0,15.74,1,none,player_3,player_2,player_3,4.0,0,0,0,start
245,7,2,player_1,player_2,43,26.0,24.07,0,player_3,player_3,player_2,player_3,4.0,0,0,1,same
246,7,3,player_1,player_3,69,26.0,24.07,0,player_4,player_4,player_2,player_3,4.0,0,0,1,same
247,7,4,player_1,none,69,0.0,0.0,0,none,player_1,player_2,player_3,4.0,0,1,0,up
248,7,5,player_1,player_4,70,1.0,0.93,0,none,player_2,player_2,player_3,3.0,1,0,0,down
249,7,6,player_1,player_2,95,25.0,23.15,1,none,player_2,player_2,player_3,4.0,0,0,1,same
250,7,7,player_1,player_3,108,13.0,12.04,1,none,player_2,player_2,player_3,4.0,0,0,1,same
251,7,1,player_2,player_1,1,1.0,1.82,0,none,player_3,player_2,player_3,2.0,0,0,0,start
252,7,2,player_2,player_3,27,26.0,47.27,0,player_3,player_3,player_2,player_3,2.0,1,0,0,down
253,7,3,player_2,player_4,53,26.0,47.27,0,player_4,player_4,player_2,player_3,3.0,0,0,1,same
254,7,4,player_2,none,54,1.0,1.82,0,none,player_1,player_2,player_3,3.0,0,1,0,up
255,7,5,player_2,player_1,54,0.0,0.0,0,none,player_2,player_2,player_3,2.0,0,0,1,same
256,7,6,player_2,player_3,54,0.0,0.0,0,none,player_2,player_2,player_3,2.0,0,0,1,same
257,7,7,player_2,player_4,55,1.0,1.82,0,none,player_2,player_2,player_3,2.0,0,0,1,same
258,7,1,player_4,player_3,8,8.0,9.76,0,none,player_3,player_2,player_3,3.0,0,0,0,start
259,7,2,player_4,player_1,34,26.0,31.71,0,player_3,player_3,player_2,player_3,3.0,0,1,0,up
260,7,3,player_4,player_2,34,0.0,0.0,0,player_4,player_4,player_2,player_3,2.0,0,0,1,same
261,7,4,player_4,none,52,18.0,21.95,1,none,player_1,player_2,player_3,2.0,1,0,0,down
262,7,5,player_4,player_3,77,25.0,30.49,1,none,player_2,player_2,player_3,4.0,0,1,0,up
263,7,6,player_4,player_1,78,1.0,1.22,0,none,player_2,player_2,player_3,3.0,0,0,1,same
264,7,7,player_4,player_2,82,4.0,4.88,0,none,player_2,player_2,player_3,3.0,0,0,1,same
265,7,1,player_3,player_2,0,0.0,0.0,0,none,player_3,player_2,player_3,1.0,0,0,0,start
266,7,2,player_3,player_4,0,0.0,0.0,0,player_3,player_3,player_2,player_3,1.0,0,0,1,same
267,7,3,player_3,player_1,26,26.0,61.9,0,player_4,player_4,player_2,player_3,1.0,0,0,1,same
268,7,4,player_3,none,34,8.0,19.05,0,none,player_1,player_2,player_3,1.0,0,0,1,same
269,7,5,player_3,player_2,34,0.0,0.0,0,none,player_2,player_2,player_3,1.0,0,0,1,same
270,7,6,player_3,player_4,34,0.0,0.0,0,none,player_2,player_2,player_3,1.0,0,0,1,same
271,7,7,player_3,player_1,42,8.0,19.05,0,none,player_2,player_2,player_3,1.0,0,0,1,same
272,8,1,player_1,player_4,0,0.0,0.0,0,none,player_1,player_2,player_2,1.0,0,0,0,start
273,8,2,player_1,player_2,1,1.0,1.09,0,none,player_3,player_2,player_2,1.0,0,0,1,same
274,8,3,player_1,player_3,2,1.0,1.09,0,none,player_2,player_2,player_2,1.0,0,0,1,same
275,8,4,player_1,none,15,13.0,14.13,1,none,player_3,player_2,player_2,1.0,0,0,1,same
276,8,5,player_1,player_4,30,15.0,16.3,1,none,player_2,player_2,player_2,1.0,1,0,0,down
277,8,6,player_1,player_2,56,26.0,28.26,0,player_2,player_2,player_2,player_2,2.0,1,0,0,down
278,8,7,player_1,player_3,68,12.0,13.04,0,none,player_4,player_2,player_2,4.0,0,0,1,same
279,8,8,player_1,none,90,22.0,23.91,1,none,player_2,player_2,player_2,4.0,0,0,1,same
280,8,9,player_1,player_4,92,2.0,2.17,0,none,player_1,player_2,player_2,4.0,0,0,1,same
281,8,1,player_2,player_1,21,21.0,42.0,1,none,player_1,player_2,player_2,4.0,0,0,0,start
282,8,2,player_2,player_3,22,1.0,2.0,0,none,player_3,player_2,player_2,3.0,0,1,0,up
283,8,3,player_2,player_4,22,0.0,0.0,0,none,player_2,player_2,player_2,2.0,1,0,0,down
284,8,4,player_2,none,32,10.0,20.0,0,none,player_3,player_2,player_2,3.0,0,1,0,up
285,8,5,player_2,player_1,32,0.0,0.0,0,none,player_2,player_2,player_2,2.0,0,1,0,up
286,8,6,player_2,player_3,32,0.0,0.0,0,player_2,player_2,player_2,player_2,1.0,0,0,1,same
287,8,7,player_2,player_4,45,13.0,26.0,1,none,player_4,player_2,player_2,1.0,0,0,1,same
288,8,8,player_2,none,45,0.0,0.0,0,none,player_2,player_2,player_2,1.0,0,0,1,same
289,8,9,player_2,player_1,50,5.0,10.0,0,none,player_1,player_2,player_2,1.0,0,0,1,same
290,8,1,player_4,player_3,4,4.0,5.63,0,none,player_1,player_2,player_2,3.0,0,0,0,start
291,8,2,player_4,player_1,28,24.0,33.8,1,none,player_3,player_2,player_2,4.0,0,0,1,same
292,8,3,player_4,player_2,29,1.0,1.41,0,none,player_2,player_2,player_2,4.0,0,0,1,same
293,8,4,player_4,none,32,3.0,4.23,0,none,player_3,player_2,player_2,4.0,0,0,1,same
294,8,5,player_4,player_3,36,4.0,5.63,0,none,player_2,player_2,player_2,4.0,0,0,1,same
295,8,6,player_4,player_1,62,26.0,36.62,0,player_2,player_2,player_2,player_2,4.0,0,1,0,up
296,8,7,player_4,player_2,62,0.0,0.0,0,none,player_4,player_2,player_2,3.0,0,0,1,same
297,8,8,player_4,none,67,5.0,7.04,0,none,player_2,player_2,player_2,3.0,0,1,0,up
298,8,9,player_4,player_3,71,4.0,5.63,0,none,player_1,player_2,player_2,2.0,0,1,0,up
299,8,1,player_3,player_2,1,1.0,1.35,0,none,player_1,player_2,player_2,2.0,0,0,0,start
300,8,2,player_3,player_4,1,0.0,0.0,0,none,player_3,player_2,player_2,2.0,1,0,0,down
301,8,3,player_3,player_1,25,24.0,32.43,1,none,player_2,player_2,player_2,3.0,0,1,0,up
302,8,4,player_3,none,25,0.0,0.0,0,none,player_3,player_2,player_2,2.0,1,0,0,down
303,8,5,player_3,player_2,32,7.0,9.46,0,none,player_2,player_2,player_2,3.0,0,0,1,same
304,8,6,player_3,player_4,58,26.0,35.14,0,player_2,player_2,player_2,player_2,3.0,0,1,0,up
305,8,7,player_3,player_1,59,1.0,1.35,0,none,player_4,player_2,player_2,2.0,0,0,1,same
306,8,8,player_3,none,59,0.0,0.0,0,none,player_2,player_2,player_2,2.0,1,0,0,down
307,8,9,player_3,player_2,74,15.0,20.27,1,none,player_1,player_2,player_2,3.0,1,0,0,down
308,9,1,player_1,player_4,11,11.0,30.56,0,none,player_3,player_1,player_1,2.0,0,0,0,start
309,9,2,player_1,player_2,12,1.0,2.78,0,none,player_1,player_1,player_1,1.0,0,0,1,same
310,9,3,player_1,player_3,13,1.0,2.78,0,none,player_1,player_1,player_1,1.0,0,0,1,same
311,9,4,player_1,none,13,0.0,0.0,0,none,player_1,player_1,player_1,1.0,0,0,1,same
312,9,5,player_1,player_4,36,23.0,63.89,1,none,player_3,player_1,player_1,1.0,0,0,1,same
313,9,1,player_2,player_1,20,20.0,17.24,1,none,player_3,player_1,player_1,4.0,0,0,0,start
314,9,2,player_2,player_3,38,18.0,15.52,1,none,player_1,player_1,player_1,4.0,0,0,1,same
315,9,3,player_2,player_4,77,39.0,33.62,0,none,player_1,player_1,player_1,4.0,0,0,1,same
316,9,4,player_2,none,92,15.0,12.93,1,none,player_1,player_1,player_1,4.0,0,0,1,same
317,9,5,player_2,player_1,116,24.0,20.69,1,none,player_3,player_1,player_1,4.0,0,0,1,same
318,9,1,player_4,player_3,16,16.0,32.0,1,none,player_3,player_1,player_1,3.0,0,0,0,start
319,9,2,player_4,player_1,23,7.0,14.0,0,none,player_1,player_1,player_1,2.0,0,0,1,same
320,9,3,player_4,player_2,31,8.0,16.0,0,none,player_1,player_1,player_1,2.0,0,0,1,same
321,9,4,player_4,none,45,14.0,28.0,1,none,player_1,player_1,player_1,2.0,0,0,1,same
322,9,5,player_4,player_3,50,5.0,10.0,0,none,player_3,player_1,player_1,2.0,0,0,1,same
323,9,1,player_3,player_2,5,5.0,8.62,0,none,player_3,player_1,player_1,1.0,0,0,0,start
324,9,2,player_3,player_4,31,26.0,44.83,0,none,player_1,player_1,player_1,3.0,0,0,1,same
325,9,3,player_3,player_1,35,4.0,6.9,0,none,player_1,player_1,player_1,3.0,0,0,1,same
326,9,4,player_3,none,58,23.0,39.66,1,none,player_1,player_1,player_1,3.0,0,0,1,same
327,9,5,player_3,player_2,58,0.0,0.0,0,none,player_3,player_1,player_1,3.0,0,0,1,same
328,10,1,player_1,player_4,0,0.0,0.0,0,none,player_1,player_1,player_2,1.0,0,0,0,start
329,10,2,player_1,player_2,19,19.0,19.79,1,none,player_2,player_1,player_2,3.0,0,0,1,same
330,10,3,player_1,player_3,45,26.0,27.08,0,player_3,player_3,player_1,player_2,3.0,1,0,0,down
331,10,4,player_1,none,65,20.0,20.83,1,none,player_4,player_1,player_2,4.0,0,0,1,same
332,10,5,player_1,player_4,70,5.0,5.21,0,none,player_2,player_1,player_2,4.0,0,0,1,same
333,10,6,player_1,player_2,70,0.0,0.0,0,none,player_1,player_1,player_2,4.0,0,0,1,same
334,10,7,player_1,player_3,96,26.0,27.08,0,player_2,player_2,player_1,player_2,4.0,0,1,0,up
335,10,8,player_1,none,96,0.0,0.0,0,none,player_1,player_1,player_2,2.0,0,1,0,up
336,10,1,player_2,player_1,0,0.0,0.0,0,none,player_1,player_1,player_2,2.0,0,0,0,start
337,10,2,player_2,player_3,0,0.0,0.0,0,none,player_2,player_1,player_2,1.0,1,0,0,down
338,10,3,player_2,player_4,26,26.0,44.83,0,player_3,player_3,player_1,player_2,2.0,0,0,1,same
339,10,4,player_2,none,30,4.0,6.9,0,none,player_4,player_1,player_2,2.0,0,0,1,same
340,10,5,player_2,player_1,31,1.0,1.72,0,none,player_2,player_1,player_2,2.0,0,1,0,up
341,10,6,player_2,player_3,32,1.0,1.72,0,none,player_1,player_1,player_2,1.0,0,0,1,same
342,10,7,player_2,player_4,32,0.0,0.0,0,player_2,player_2,player_1,player_2,1.0,0,0,1,same
343,10,8,player_2,none,58,26.0,44.83,0,none,player_1,player_1,player_2,1.0,0,0,1,same
344,10,1,player_4,player_3,24,24.0,19.83,1,none,player_1,player_1,player_2,4.0,0,0,0,start
345,10,2,player_4,player_1,24,0.0,0.0,0,none,player_2,player_1,player_2,4.0,0,0,1,same
346,10,3,player_4,player_2,50,26.0,21.49,0,player_3,player_3,player_1,player_2,4.0,0,1,0,up
347,10,4,player_4,none,50,0.0,0.0,0,none,player_4,player_1,player_2,3.0,0,0,1,same
348,10,5,player_4,player_3,56,6.0,4.96,0,none,player_2,player_1,player_2,3.0,0,0,1,same
349,10,6,player_4,player_1,69,13.0,10.74,1,none,player_1,player_1,player_2,3.0,0,0,1,same
350,10,7,player_4,player_2,95,26.0,21.49,0,player_2,player_2,player_1,player_2,3.0,1,0,0,down
351,10,8,player_4,none,121,26.0,21.49,0,none,player_1,player_1,player_2,4.0,1,0,0,down
352,10,1,player_3,player_2,2,2.0,2.02,0,none,player_1,player_1,player_2,3.0,0,0,0,start
353,10,2,player_3,player_4,9,7.0,7.07,0,none,player_2,player_1,player_2,2.0,0,1,0,up
354,10,3,player_3,player_1,9,0.0,0.0,0,player_3,player_3,player_1,player_2,1.0,0,0,1,same
355,10,4,player_3,none,11,2.0,2.02,0,none,player_4,player_1,player_2,1.0,0,0,1,same
356,10,5,player_3,player_2,25,14.0,14.14,1,none,player_2,player_1,player_2,1.0,1,0,0,down
357,10,6,player_3,player_4,37,12.0,12.12,0,none,player_1,player_1,player_2,2.0,0,0,1,same
358,10,7,player_3,player_1,63,26.0,26.26,0,player_2,player_2,player_1,player_2,2.0,1,0,0,down
359,10,8,player_3,none,99,36.0,36.36,0,none,player_1,player_1,player_2,3.0,1,0,0,down
360,11,1,player_1,player_4,1,1.0,0.99,0,none,player_4,player_4,player_2,3.0,0,0,0,start
361,11,2,player_1,player_2,1,0.0,0.0,0,none,player_1,player_4,player_2,2.0,0,0,1,same
362,11,3,player_1,player_3,23,22.0,21.78,1,none,player_4,player_4,player_2,2.0,1,0,0,down
363,11,4,player_1,none,35,12.0,11.88,0,none,player_2,player_4,player_2,3.0,1,0,0,down
364,11,5,player_1,player_4,45,10.0,9.9,0,none,player_4,player_4,player_2,4.0,0,0,1,same
365,11,6,player_1,player_2,66,21.0,20.79,1,none,player_4,player_4,player_2,4.0,0,0,1,same
366,11,7,player_1,player_3,68,2.0,1.98,0,none,player_2,player_4,player_2,4.0,0,0,1,same
367,11,8,player_1,none,88,20.0,19.8,1,none,player_4,player_4,player_2,4.0,0,0,1,same
368,11,9,player_1,player_4,101,13.0,12.87,1,none,player_2,player_4,player_2,4.0,0,0,1,same
369,11,1,player_4,player_3,0,0.0,0.0,0,none,player_4,player_4,player_2,1.0,0,0,0,start
370,11,2,player_4,player_1,24,24.0,36.36,1,none,player_1,player_4,player_2,3.0,0,0,1,same
371,11,3,player_4,player_2,24,0.0,0.0,0,none,player_4,player_4,player_2,3.0,1,0,0,down
372,11,4,player_4,none,38,14.0,21.21,1,none,player_2,player_4,player_2,4.0,0,1,0,up
373,11,5,player_4,player_3,38,0.0,0.0,0,none,player_4,player_4,player_2,3.0,0,0,1,same
374,11,6,player_4,player_1,38,0.0,0.0,0,none,player_4,player_4,player_2,3.0,0,0,1,same
375,11,7,player_4,player_2,42,4.0,6.06,0,none,player_2,player_4,player_2,3.0,0,0,1,same
376,11,8,player_4,none,42,0.0,0.0,0,none,player_4,player_4,player_2,3.0,0,0,1,same
377,11,9,player_4,player_3,66,24.0,36.36,1,none,player_2,player_4,player_2,3.0,0,0,1,same
378,11,1,player_2,player_1,25,25.0,80.65,1,none,player_4,player_4,player_2,4.0,0,0,0,start
379,11,2,player_2,player_3,27,2.0,6.45,0,none,player_1,player_4,player_2,4.0,0,0,1,same
380,11,3,player_2,player_4,27,0.0,0.0,0,none,player_4,player_4,player_2,4.0,0,1,0,up
381,11,4,player_2,none,27,0.0,0.0,0,none,player_2,player_4,player_2,2.0,0,0,1,same
382,11,5,player_2,player_1,27,0.0,0.0,0,none,player_4,player_4,player_2,2.0,0,0,1,same
383,11,6,player_2,player_3,27,0.0,0.0,0,none,player_4,player_4,player_2,2.0,0,0,1,same
384,11,7,player_2,player_4,27,0.0,0.0,0,none,player_2,player_4,player_2,2.0,0,1,0,up
385,11,8,player_2,none,27,0.0,0.0,0,none,player_4,player_4,player_2,1.0,0,0,1,same
386,11,9,player_2,player_1,31,4.0,12.9,0,none,player_2,player_4,player_2,1.0,0,0,1,same
387,11,1,player_3,player_2,0,0.0,0.0,0,none,player_4,player_4,player_2,2.0,0,0,0,start
388,11,2,player_3,player_4,0,0.0,0.0,0,none,player_1,player_4,player_2,1.0,0,0,1,same
389,11,3,player_3,player_1,4,4.0,11.11,0,none,player_4,player_4,player_2,1.0,0,0,1,same
390,11,4,player_3,none,4,0.0,0.0,0,none,player_2,player_4,player_2,1.0,0,0,1,same
391,11,5,player_3,player_2,20,16.0,44.44,1,none,player_4,player_4,player_2,1.0,0,0,1,same
392,11,6,player_3,player_4,25,5.0,13.89,0,none,player_4,player_4,player_2,1.0,0,0,1,same
393,11,7,player_3,player_1,25,0.0,0.0,0,none,player_2,player_4,player_2,1.0,1,0,0,down
394,11,8,player_3,none,31,6.0,16.67,0,none,player_4,player_4,player_2,2.0,0,0,1,same
395,11,9,player_3,player_2,36,5.0,13.89,0,none,player_2,player_4,player_2,2.0,0,0,1,same
396,12,1,player_1,player_4,26,26.0,21.49,0,player_4,player_4,player_3,player_3,2.0,0,0,0,start
397,12,2,player_1,player_2,30,4.0,3.31,0,none,player_4,player_3,player_3,3.0,0,1,0,up
398,12,3,player_1,player_3,30,0.0,0.0,0,none,player_1,player_3,player_3,2.0,1,0,0,down
399,12,4,player_1,none,51,21.0,17.36,1,none,player_4,player_3,player_3,3.0,0,0,1,same
400,12,5,player_1,player_4,56,5.0,4.13,0,none,player_3,player_3,player_3,3.0,0,0,1,same
401,12,6,player_1,player_2,82,26.0,21.49,0,player_3,player_3,player_3,player_3,3.0,1,0,0,down
402,12,7,player_1,player_3,95,13.0,10.74,1,none,player_3,player_3,player_3,4.0,0,0,1,same
403,12,8,player_1,none,121,26.0,21.49,0,player_3,player_3,player_3,player_3,4.0,0,0,1,same
404,12,1,player_3,player_2,26,26.0,50.0,0,player_4,player_4,player_3,player_3,3.0,0,0,0,start
405,12,2,player_3,player_4,29,3.0,5.77,0,none,player_4,player_3,player_3,2.0,1,0,0,down
406,12,3,player_3,player_1,48,19.0,36.54,1,none,player_1,player_3,player_3,4.0,0,0,1,same
407,12,4,player_3,none,52,4.0,7.69,0,none,player_4,player_3,player_3,4.0,0,1,0,up
408,12,5,player_3,player_2,52,0.0,0.0,0,none,player_3,player_3,player_3,2.0,0,0,1,same
409,12,6,player_3,player_4,52,0.0,0.0,0,player_3,player_3,player_3,player_3,2.0,0,0,1,same
410,12,7,player_3,player_1,52,0.0,0.0,0,none,player_3,player_3,player_3,2.0,0,1,0,up
411,12,8,player_3,none,52,0.0,0.0,0,player_3,player_3,player_3,player_3,1.0,0,1,0,up
412,12,1,player_2,player_1,26,26.0,22.22,0,player_4,player_4,player_3,player_3,4.0,0,0,0,start
413,12,2,player_2,player_3,45,19.0,16.24,1,none,player_4,player_3,player_3,4.0,0,1,0,up
414,12,3,player_2,player_4,45,0.0,0.0,0,none,player_1,player_3,player_3,3.0,0,1,0,up
415,12,4,player_2,none,46,1.0,0.85,0,none,player_4,player_3,player_3,2.0,1,0,0,down
416,12,5,player_2,player_1,65,19.0,16.24,1,none,player_3,player_3,player_3,4.0,0,0,1,same
417,12,6,player_2,player_3,91,26.0,22.22,0,player_3,player_3,player_3,player_3,4.0,0,1,0,up
418,12,7,player_2,player_4,91,0.0,0.0,0,none,player_3,player_3,player_3,3.0,0,0,1,same
419,12,8,player_2,none,117,26.0,22.22,0,player_3,player_3,player_3,player_3,3.0,0,0,1,same
420,12,1,player_4,player_3,0,0.0,0.0,0,player_4,player_4,player_3,player_3,1.0,0,0,0,start
421,12,2,player_4,player_1,0,0.0,0.0,0,none,player_4,player_3,player_3,1.0,0,0,1,same
422,12,3,player_4,player_2,7,7.0,9.46,0,none,player_1,player_3,player_3,1.0,0,0,1,same
423,12,4,player_4,none,7,0.0,0.0,0,none,player_4,player_3,player_3,1.0,0,0,1,same
424,12,5,player_4,player_3,9,2.0,2.7,0,none,player_3,player_3,player_3,1.0,0,0,1,same
425,12,6,player_4,player_1,35,26.0,35.14,0,player_3,player_3,player_3,player_3,1.0,0,0,1,same
426,12,7,player_4,player_2,48,13.0,17.57,1,none,player_3,player_3,player_3,1.0,1,0,0,down
427,12,8,player_4,none,74,26.0,35.14,0,player_3,player_3,player_3,player_3,2.0,1,0,0,down
428,13,1,player_1,player_4,0,0.0,0.0,0,none,player_1,player_1,player_3,1.0,0,0,0,start
429,13,2,player_1,player_2,8,8.0,13.11,0,none,player_4,player_1,player_3,1.0,1,0,0,down
430,13,3,player_1,player_3,24,16.0,26.23,1,none,player_3,player_1,player_3,3.0,1,0,0,down
431,13,4,player_1,none,44,20.0,32.79,1,none,player_2,player_1,player_3,4.0,0,0,1,same
432,13,5,player_1,player_4,50,6.0,9.84,0,none,player_2,player_1,player_3,4.0,0,0,1,same
433,13,6,player_1,player_2,53,3.0,4.92,0,none,player_4,player_1,player_3,4.0,0,1,0,up
434,13,7,player_1,player_3,53,0.0,0.0,0,none,player_1,player_1,player_3,3.0,0,1,0,up
435,13,8,player_1,none,53,0.0,0.0,0,none,player_1,player_1,player_3,2.0,0,0,1,same
436,13,9,player_1,player_4,54,1.0,1.64,0,none,player_3,player_1,player_3,2.0,0,0,1,same
437,13,10,player_1,player_2,56,2.0,3.28,0,none,player_1,player_1,player_3,2.0,0,0,1,same
438,13,11,player_1,player_3,57,1.0,1.64,0,none,player_1,player_1,player_3,2.0,0,0,1,same
439,13,12,player_1,none,61,4.0,6.56,0,none,player_2,player_1,player_3,2.0,0,0,1,same
440,13,1,player_2,player_1,9,9.0,10.34,0,none,player_1,player_1,player_3,3.0,0,0,0,start
441,13,2,player_2,player_3,22,13.0,14.94,1,none,player_4,player_1,player_3,4.0,0,0,1,same
442,13,3,player_2,player_4,26,4.0,4.6,0,none,player_3,player_1,player_3,4.0,0,1,0,up
443,13,4,player_2,none,26,0.0,0.0,0,none,player_2,player_1,player_3,3.0,0,1,0,up
444,13,5,player_2,player_1,26,0.0,0.0,0,none,player_2,player_1,player_3,2.0,1,0,0,down
445,13,6,player_2,player_3,46,20.0,22.99,1,none,player_4,player_1,player_3,3.0,0,1,0,up
446,13,7,player_2,player_4,48,2.0,2.3,0,none,player_1,player_1,player_3,2.0,1,0,0,down
447,13,8,player_2,none,53,5.0,5.75,0,none,player_1,player_1,player_3,3.0,0,0,1,same
448,13,9,player_2,player_1,58,5.0,5.75,0,none,player_3,player_1,player_3,3.0,0,0,1,same
449,13,10,player_2,player_3,74,16.0,18.39,1,none,player_1,player_1,player_3,3.0,0,0,1,same
450,13,11,player_2,player_4,87,13.0,14.94,1,none,player_1,player_1,player_3,3.0,0,0,1,same
451,13,12,player_2,none,87,0.0,0.0,0,none,player_2,player_1,player_3,3.0,0,0,1,same
452,13,1,player_4,player_3,14,14.0,12.61,1,none,player_1,player_1,player_3,4.0,0,0,0,start
453,13,2,player_4,player_1,14,0.0,0.0,0,none,player_4,player_1,player_3,3.0,0,1,0,up
454,13,3,player_4,player_2,20,6.0,5.41,0,none,player_3,player_1,player_3,2.0,0,0,1,same
455,13,4,player_4,none,24,4.0,3.6,0,none,player_2,player_1,player_3,2.0,1,0,0,down
456,13,5,player_4,player_3,40,16.0,14.41,1,none,player_2,player_1,player_3,3.0,0,1,0,up
457,13,6,player_4,player_1,40,0.0,0.0,0,none,player_4,player_1,player_3,2.0,1,0,0,down
458,13,7,player_4,player_2,64,24.0,21.62,1,none,player_1,player_1,player_3,4.0,0,0,1,same
459,13,8,player_4,none,64,0.0,0.0,0,none,player_1,player_1,player_3,4.0,0,0,1,same
460,13,9,player_4,player_3,84,20.0,18.02,1,none,player_3,player_1,player_3,4.0,0,0,1,same
461,13,10,player_4,player_1,89,5.0,4.5,0,none,player_1,player_1,player_3,4.0,0,0,1,same
462,13,11,player_4,player_2,93,4.0,3.6,0,none,player_1,player_1,player_3,4.0,0,0,1,same
463,13,12,player_4,none,111,18.0,16.22,1,none,player_2,player_1,player_3,4.0,0,0,1,same
464,13,1,player_3,player_2,3,3.0,5.66,0,none,player_1,player_1,player_3,2.0,0,0,0,start
465,13,2,player_3,player_4,8,5.0,9.43,0,none,player_4,player_1,player_3,2.0,0,1,0,up
466,13,3,player_3,player_1,8,0.0,0.0,0,none,player_3,player_1,player_3,1.0,0,0,1,same
467,13,4,player_3,none,10,2.0,3.77,0,none,player_2,player_1,player_3,1.0,0,0,1,same
468,13,5,player_3,player_2,14,4.0,7.55,0,none,player_2,player_1,player_3,1.0,0,0,1,same
469,13,6,player_3,player_4,17,3.0,5.66,0,none,player_4,player_1,player_3,1.0,0,0,1,same
470,13,7,player_3,player_1,17,0.0,0.0,0,none,player_1,player_1,player_3,1.0,0,0,1,same
471,13,8,player_3,none,38,21.0,39.62,1,none,player_1,player_1,player_3,1.0,0,0,1,same
472,13,9,player_3,player_2,38,0.0,0.0,0,none,player_3,player_1,player_3,1.0,0,0,1,same
473,13,10,player_3,player_4,41,3.0,5.66,0,none,player_1,player_1,player_3,1.0,0,0,1,same
474,13,11,player_3,player_1,49,8.0,15.09,0,none,player_1,player_1,player_3,1.0,0,0,1,same
475,13,12,player_3,none,53,4.0,7.55,0,none,player_2,player_1,player_3,1.0,0,0,1,same
476,14,1,player_1,player_4,0,0.0,0.0,0,player_1,player_1,player_1,player_1,1.0,0,0,0,start
477,14,2,player_1,player_2,0,0.0,0.0,0,none,player_1,player_1,player_1,1.0,0,0,1,same
478,14,3,player_1,player_3,0,0.0,0.0,0,none,player_1,player_1,player_1,1.0,0,0,1,same
479,14,4,player_1,none,18,18.0,81.82,1,none,player_2,player_1,player_1,1.0,0,0,1,same
480,14,5,player_1,player_4,18,0.0,0.0,0,none,player_1,player_1,player_1,1.0,0,0,1,same
481,14,6,player_1,player_2,18,0.0,0.0,0,none,player_1,player_1,player_1,1.0,0,0,1,same
482,14,7,player_1,player_3,22,4.0,18.18,0,none,player_3,player_1,player_1,1.0,0,0,1,same
483,14,1,player_3,player_2,26,26.0,56.52,0,player_1,player_1,player_1,player_1,2.0,0,0,0,start
484,14,2,player_3,player_4,26,0.0,0.0,0,none,player_1,player_1,player_1,2.0,0,0,1,same
485,14,3,player_3,player_1,26,0.0,0.0,0,none,player_1,player_1,player_1,2.0,0,0,1,same
486,14,4,player_3,none,34,8.0,17.39,0,none,player_2,player_1,player_1,2.0,0,0,1,same
487,14,5,player_3,player_2,46,12.0,26.09,0,none,player_1,player_1,player_1,2.0,0,0,1,same
488,14,6,player_3,player_4,46,0.0,0.0,0,none,player_1,player_1,player_1,2.0,0,0,1,same
489,14,7,player_3,player_1,46,0.0,0.0,0,none,player_3,player_1,player_1,2.0,0,0,1,same
490,14,1,player_2,player_1,26,26.0,36.62,0,player_1,player_1,player_1,player_1,3.0,0,0,0,start
491,14,2,player_2,player_3,48,22.0,30.99,1,none,player_1,player_1,player_1,4.0,0,1,0,up
492,14,3,player_2,player_4,49,1.0,1.41,0,none,player_1,player_1,player_1,3.0,0,0,1,same
493,14,4,player_2,none,49,0.0,0.0,0,none,player_2,player_1,player_1,3.0,0,0,1,same
494,14,5,player_2,player_1,49,0.0,0.0,0,none,player_1,player_1,player_1,3.0,0,0,1,same
495,14,6,player_2,player_3,51,2.0,2.82,0,none,player_1,player_1,player_1,3.0,0,0,1,same
496,14,7,player_2,player_4,71,20.0,28.17,1,none,player_3,player_1,player_1,3.0,0,0,1,same
497,14,1,player_4,player_3,26,26.0,26.0,0,player_1,player_1,player_1,player_1,4.0,0,0,0,start
498,14,2,player_4,player_1,30,4.0,4.0,0,none,player_1,player_1,player_1,3.0,1,0,0,down
499,14,3,player_4,player_2,55,25.0,25.0,1,none,player_1,player_1,player_1,4.0,0,0,1,same
500,14,4,player_4,none,55,0.0,0.0,0,none,player_2,player_1,player_1,4.0,0,0,1,same
501,14,5,player_4,player_3,69,14.0,14.0,1,none,player_1,player_1,player_1,4.0,0,0,1,same
502,14,6,player_4,player_1,94,25.0,25.0,1,none,player_1,player_1,player_1,4.0,0,0,1,same
503,14,7,player_4,player_2,100,6.0,6.0,0,none,player_3,player_1,player_1,4.0,0,0,1,same
